owner_id,pet_id,name,species,breed,dob,notes,photo_urls
1,1,Patricia,Bird,Parakeet,2016-10-16,Alone model even.,"https://placekitten.com/245/679,https://picsum.photos/357/472,https://picsum.photos/997/140"
1,2,Jason,Cat,Siamese,2010-06-12,Fund necessary day design professional best husband social.,https://dummyimage.com/985x491
2,1,Debra,Cat,Siamese,2013-05-13,Win real raise age project win.,"https://placekitten.com/432/956,https://dummyimage.com/329x701,https://picsum.photos/72/642"
2,2,Joshua,Cat,Siamese,2023-10-05,End few know interview particularly put.,"https://picsum.photos/818/42,https://placekitten.com/219/209"
2,3,Henry,Cat,British Shorthair,2017-08-25,Finally little beyond upon.,https://dummyimage.com/326x619
3,1,Nancy,Dog,Golden Retriever,2009-11-08,Sometimes charge company respond yes.,"https://picsum.photos/390/761,https://placekitten.com/473/776"
3,2,Charlene,Rabbit,Mini Rex,2024-04-12,Debate modern bed another look something.,"https://placekitten.com/910/936,https://dummyimage.com/404x878"
4,1,Patricia,Rabbit,Holland Lop,2015-06-24,Performance international camera again arrive without adult lay.,"https://placekitten.com/875/929,https://placekitten.com/798/494,https://dummyimage.com/344x687"
5,1,Kenneth,Bird,Cockatiel,2009-12-13,Society almost write assume.,"https://dummyimage.com/727x214,https://dummyimage.com/846x607,https://picsum.photos/562/442"
8,1,Robert,Cat,British Shorthair,2017-12-31,Source ground book break message music man.,"https://placekitten.com/17/904,https://placekitten.com/24/801"
8,2,Michael,Rabbit,Netherland Dwarf,2023-08-14,Forward manager new really rise stage training.,"https://placekitten.com/975/194,https://dummyimage.com/572x450,https://dummyimage.com/387x29"
10,1,John,Cat,Siamese,2019-07-01,Open test leg prepare old never wonder.,"https://dummyimage.com/125x845,https://placekitten.com/513/730,https://placekitten.com/25/625"
10,2,Thomas,Rabbit,Mini Rex,2014-08-10,Look difference leave other stay.,"https://picsum.photos/692/147,https://picsum.photos/741/691"
12,1,Brianna,Bird,Macaw,2023-06-14,Allow protect cause save value she statement.,https://placekitten.com/184/644
12,2,Robert,Bird,Cockatiel,2014-02-04,Role civil guess decade military we character.,"https://picsum.photos/263/288,https://picsum.photos/355/706"
12,3,Susan,Rabbit,Mini Rex,2010-07-24,Better style his small turn consumer suddenly enter.,"https://placekitten.com/930/841,https://dummyimage.com/998x736"
13,1,Jennifer,Rabbit,Holland Lop,2014-10-24,Allow political born history.,https://picsum.photos/327/706
14,1,Scott,Bird,Parakeet,2010-07-13,Summer prevent open include white.,https://dummyimage.com/863x638
15,1,Cheryl,Cat,Bengal,2013-02-21,Happen organization also perhaps agent provide.,"https://picsum.photos/176/552,https://placekitten.com/947/935,https://placekitten.com/344/195"
15,2,Frederick,Rabbit,Mini Rex,2017-04-27,Edge prove and religious necessary style assume live.,https://placekitten.com/632/663
17,1,Paul,Dog,Poodle,2023-09-01,Job professional enjoy always out yourself matter final.,"https://dummyimage.com/406x321,https://picsum.photos/857/955,https://placekitten.com/725/226"
18,1,Stephanie,Cat,Siamese,2014-10-09,Take consider campaign three goal new single good.,"https://dummyimage.com/976x218,https://placekitten.com/617/552"
18,2,Kelly,Bird,Macaw,2018-10-21,Whatever arrive third nature.,"https://picsum.photos/762/31,https://picsum.photos/1015/838,https://dummyimage.com/262x445"
19,1,Maria,Rabbit,Mini Rex,2019-01-21,Through foot professional you.,https://picsum.photos/551/210
19,2,Jennifer,Rabbit,Netherland Dwarf,2017-07-01,Decision need item all ground.,"https://picsum.photos/181/219,https://picsum.photos/25/338,https://dummyimage.com/1006x599"
19,3,Robin,Bird,Cockatiel,2022-10-03,Hot middle during opportunity no.,"https://dummyimage.com/96x555,https://placekitten.com/511/778"
20,1,Chad,Bird,Cockatiel,2015-10-10,Report red senior become.,"https://dummyimage.com/205x800,https://dummyimage.com/142x99"
24,1,Joseph,Bird,Macaw,2016-04-08,Piece person election most response ground letter security.,https://picsum.photos/722/560
24,2,Colleen,Dog,Bulldog,2021-05-08,Man agency hot.,"https://picsum.photos/872/8,https://picsum.photos/789/106"
24,3,Mary,Dog,Golden Retriever,2017-10-29,Crime next easy.,https://dummyimage.com/315x125
25,1,Emily,Bird,Parakeet,2022-03-17,Sure quite serious million toward national worry.,https://placekitten.com/416/758
25,2,Linda,Dog,Beagle,2012-11-29,Thing strategy challenge human care.,"https://placekitten.com/781/125,https://picsum.photos/372/580"
26,1,Maria,Bird,Macaw,2020-02-26,Population break by.,"https://dummyimage.com/679x286,https://picsum.photos/342/131"
27,1,Dylan,Bird,Cockatiel,2022-12-07,East run student sell might prevent thank prove.,"https://picsum.photos/782/713,https://dummyimage.com/265x453"
27,2,Victor,Dog,Labrador,2023-06-19,My capital eye letter view look paper.,https://dummyimage.com/178x757
28,1,Timothy,Dog,Beagle,2016-09-28,Film tree just effort.,"https://placekitten.com/979/572,https://dummyimage.com/569x863,https://placekitten.com/979/938"
28,2,James,Bird,Macaw,2020-10-23,Popular play in represent second thousand bad just.,"https://picsum.photos/449/204,https://placekitten.com/372/539"
28,3,Valerie,Cat,British Shorthair,2018-10-27,Clearly career test use.,https://placekitten.com/204/970
28,4,Laura,Cat,Maine Coon,2021-07-18,Late beautiful himself sing cause.,"https://placekitten.com/243/469,https://picsum.photos/683/396,https://picsum.photos/642/773"
29,1,Pamela,Rabbit,Mini Rex,2012-02-06,Check collection score easy eat red seem.,https://picsum.photos/755/246
30,1,Robert,Bird,Macaw,2013-09-26,Owner beautiful treatment film then.,"https://placekitten.com/799/105,https://placekitten.com/404/129"
31,1,Jacqueline,Cat,Persian,2023-02-12,Heavy try television science he admit million.,https://placekitten.com/368/297
32,1,Nicole,Rabbit,Holland Lop,2023-05-03,Third movement carry central.,"https://placekitten.com/529/270,https://placekitten.com/320/620"
32,2,Eric,Rabbit,Netherland Dwarf,2018-05-24,Voice generation article figure gas each every.,https://picsum.photos/19/362
34,1,Stephen,Bird,Macaw,2023-04-16,Box sometimes glass board day five enjoy explain.,"https://placekitten.com/367/188,https://dummyimage.com/378x54"
34,2,Heather,Bird,Parakeet,2022-01-17,Long security human wrong power speak.,https://picsum.photos/433/109
34,3,Donna,Bird,Parakeet,2015-05-20,Visit table only bring others subject low.,https://placekitten.com/950/887
34,4,Robert,Cat,Persian,2023-05-02,International read various room tree improve.,"https://picsum.photos/264/55,https://dummyimage.com/976x934"
34,5,Jeremy,Rabbit,Netherland Dwarf,2018-12-06,Picture move opportunity campaign measure.,https://placekitten.com/867/814
34,6,Daniel,Rabbit,Mini Rex,2023-07-08,Federal report shake education.,https://picsum.photos/120/157
35,1,Carlos,Dog,Poodle,2015-02-20,Good war real tonight join help rock.,https://placekitten.com/871/344
38,1,Jason,Bird,Parakeet,2013-11-21,Peace main success follow.,"https://picsum.photos/69/872,https://dummyimage.com/958x224,https://placekitten.com/279/130"
38,2,Brenda,Bird,Macaw,2010-09-01,Certain best rather commercial customer reveal traditional.,"https://dummyimage.com/18x960,https://dummyimage.com/985x898,https://picsum.photos/565/461"
39,1,Adrian,Rabbit,Holland Lop,2014-07-28,Action special under get upon name.,"https://picsum.photos/30/739,https://dummyimage.com/215x723,https://dummyimage.com/885x581"
39,2,Jessica,Dog,Beagle,2013-08-21,Fall offer rate you community some coach responsibility.,"https://picsum.photos/260/114,https://placekitten.com/699/649,https://dummyimage.com/748x697"
40,1,Lori,Rabbit,Holland Lop,2016-01-05,End poor rate factor reveal heavy.,"https://dummyimage.com/863x1018,https://placekitten.com/332/363,https://placekitten.com/1018/915"
40,2,Steve,Rabbit,Mini Rex,2013-08-25,Still ready charge season energy.,"https://placekitten.com/822/595,https://picsum.photos/704/425"
40,3,Jacqueline,Rabbit,Mini Rex,2012-09-19,Probably especially human.,"https://picsum.photos/706/1004,https://placekitten.com/856/509"
40,4,Anthony,Cat,Maine Coon,2011-03-23,Beyond run example water.,"https://placekitten.com/389/855,https://placekitten.com/299/5"
41,1,Tracie,Bird,Cockatiel,2021-03-02,Suffer year finally rate sing protect prepare air.,"https://dummyimage.com/70x870,https://picsum.photos/667/1023,https://placekitten.com/286/680"
45,1,Daniel,Bird,Cockatiel,2017-03-25,Figure now black around account number read agent.,"https://dummyimage.com/343x864,https://placekitten.com/555/663"
46,1,Lisa,Dog,Poodle,2024-09-14,Republican degree rather team type cut beat.,"https://placekitten.com/695/536,https://dummyimage.com/894x420"
47,1,James,Rabbit,Holland Lop,2017-09-30,During card throughout camera suggest lay.,"https://dummyimage.com/688x142,https://placekitten.com/858/389"
48,1,Michael,Bird,Macaw,2019-12-31,Move stop away painting into trial send quality.,"https://placekitten.com/602/225,https://picsum.photos/950/946"
48,2,Nicholas,Bird,Cockatiel,2011-09-17,Believe administration fill to officer.,https://picsum.photos/166/770
48,3,Anthony,Dog,Poodle,2019-11-02,Energy wide possible impact serve because role visit.,https://dummyimage.com/653x336
51,1,Danny,Cat,Bengal,2022-04-02,Oil good science capital group a.,"https://picsum.photos/894/199,https://picsum.photos/214/45"
51,2,Alexander,Rabbit,Holland Lop,2021-03-29,Specific draw scientist dinner.,"https://picsum.photos/388/152,https://dummyimage.com/566x220"
51,3,Christopher,Rabbit,Mini Rex,2012-08-03,Bad section fine seven give fact different center.,"https://placekitten.com/806/279,https://picsum.photos/251/833"
54,1,Cynthia,Rabbit,Netherland Dwarf,2017-09-13,Instead blood laugh then.,"https://dummyimage.com/828x235,https://placekitten.com/73/155"
54,2,Carol,Bird,Cockatiel,2017-02-27,Building include save blood born focus my.,"https://dummyimage.com/900x832,https://placekitten.com/138/481"
55,1,Deborah,Cat,Maine Coon,2013-12-09,War quality mean teach majority response.,https://picsum.photos/947/737
55,2,Shane,Dog,Bulldog,2022-09-17,Live want simply executive man on general money.,"https://dummyimage.com/10x461,https://picsum.photos/284/81"
57,1,Melissa,Cat,Persian,2019-02-02,Behind future news store daughter method.,"https://picsum.photos/291/317,https://placekitten.com/287/414,https://dummyimage.com/830x1016"
57,2,Brian,Cat,British Shorthair,2019-02-25,Build tough sometimes he deep couple hold.,https://dummyimage.com/646x58
57,3,Donna,Bird,Cockatiel,2021-06-28,Poor woman heavy song of land.,https://dummyimage.com/870x849
59,1,Tracy,Dog,Beagle,2023-03-01,Bank see look across tax relate contain.,"https://dummyimage.com/359x239,https://placekitten.com/993/651,https://placekitten.com/759/47"
59,2,Michelle,Bird,Parakeet,2022-04-17,Environment low whatever factor daughter have history.,https://placekitten.com/599/995
59,3,Brittany,Cat,Persian,2022-05-16,Member eat significant theory decade especially local.,"https://placekitten.com/97/311,https://placekitten.com/511/722"
59,4,Rhonda,Rabbit,Holland Lop,2019-04-11,Feel whom or mouth dinner on.,https://dummyimage.com/920x757
60,1,Michael,Rabbit,Mini Rex,2013-08-02,Remain difference civil bar health drug.,"https://picsum.photos/695/478,https://picsum.photos/284/595,https://placekitten.com/959/39"
60,2,Eric,Dog,Bulldog,2012-02-09,Old walk quickly each game thank.,https://dummyimage.com/588x302
62,1,Morgan,Rabbit,Mini Rex,2012-03-18,Not let eat debate.,"https://placekitten.com/340/687,https://picsum.photos/949/910"
63,1,Ronald,Cat,Maine Coon,2010-07-05,Enough series bank.,"https://placekitten.com/75/152,https://dummyimage.com/175x90"
63,2,Nicholas,Rabbit,Holland Lop,2010-11-23,Wait water candidate which outside market remember three.,"https://dummyimage.com/368x792,https://dummyimage.com/2x166,https://placekitten.com/536/283"
63,3,Jerry,Dog,Bulldog,2020-07-30,Training accept force way.,"https://dummyimage.com/783x522,https://placekitten.com/232/1011"
64,1,Jennifer,Bird,Parakeet,2024-02-20,Shoulder field garden usually long identify.,"https://dummyimage.com/910x689,https://picsum.photos/168/404"
65,1,Cynthia,Dog,Labrador,2018-12-22,Bed reality son strong spend discussion smile.,https://picsum.photos/33/358
68,1,William,Bird,Macaw,2016-12-28,Itself option whatever brother education make source.,https://picsum.photos/179/448
70,1,Matthew,Rabbit,Netherland Dwarf,2016-05-08,Lot upon on week.,https://picsum.photos/658/443
71,1,Nicole,Rabbit,Mini Rex,2021-02-08,Sign individual time what can matter picture voice.,"https://placekitten.com/386/570,https://dummyimage.com/948x514,https://picsum.photos/946/673"
72,1,Nicole,Bird,Cockatiel,2013-06-25,Pressure approach physical amount owner.,https://picsum.photos/504/125
72,2,Nicole,Bird,Cockatiel,2014-10-05,Special writer strategy certainly why into face.,"https://dummyimage.com/275x419,https://placekitten.com/145/492"
72,3,Christopher,Rabbit,Holland Lop,2022-01-26,Power realize buy speech beat wait respond.,"https://picsum.photos/391/963,https://dummyimage.com/850x1014,https://dummyimage.com/539x584"
75,1,Ethan,Bird,Cockatiel,2015-11-28,Station me stock thought computer among popular.,"https://picsum.photos/940/113,https://picsum.photos/623/3"
75,2,Amanda,Dog,Labrador,2018-10-30,Tv baby director might table recently activity course.,https://dummyimage.com/376x731
76,1,Jason,Dog,Beagle,2020-12-10,Generation main tough middle despite.,"https://placekitten.com/807/164,https://dummyimage.com/67x113,https://dummyimage.com/35x192"
77,1,Victor,Dog,Beagle,2012-11-05,Away other less provide great dinner.,https://placekitten.com/623/300
77,2,John,Cat,British Shorthair,2018-12-18,Third beyond plant call very throughout top.,https://dummyimage.com/725x510
78,1,Kristie,Rabbit,Holland Lop,2022-09-22,Fund line understand task natural free.,"https://dummyimage.com/923x154,https://picsum.photos/848/151,https://placekitten.com/884/83"
80,1,Ronald,Rabbit,Mini Rex,2023-05-08,Window either stop myself deep.,"https://picsum.photos/278/963,https://dummyimage.com/726x746"
81,1,Sean,Cat,British Shorthair,2019-04-26,Child card road woman when account.,"https://picsum.photos/43/176,https://dummyimage.com/15x108,https://placekitten.com/555/793"
81,2,Seth,Rabbit,Holland Lop,2017-08-30,Produce result call yeah group couple available.,"https://picsum.photos/950/546,https://placekitten.com/890/138,https://placekitten.com/381/333"
81,3,Adrian,Cat,Bengal,2013-03-19,Various base cultural billion rise.,https://picsum.photos/870/834
82,1,Catherine,Rabbit,Holland Lop,2009-12-18,Star easy get sister seem camera teach threat.,"https://picsum.photos/757/87,https://placekitten.com/351/103,https://picsum.photos/258/327"
83,1,Carolyn,Rabbit,Netherland Dwarf,2011-09-16,Agency push lot sign may size recently stuff.,"https://placekitten.com/427/308,https://placekitten.com/789/453"
84,1,Shawn,Bird,Parakeet,2017-02-18,Bit actually ok practice mind.,"https://picsum.photos/1002/397,https://picsum.photos/570/158,https://dummyimage.com/708x284"
84,2,Haley,Dog,Poodle,2024-03-27,Itself team bad action tend.,https://placekitten.com/325/33
84,3,Mariah,Rabbit,Holland Lop,2022-03-22,Unit girl as finish church hundred.,https://placekitten.com/231/204
84,4,Lindsey,Rabbit,Holland Lop,2015-05-13,Voice across bar board yet nation.,https://placekitten.com/882/849
86,1,Tiffany,Rabbit,Netherland Dwarf,2010-09-27,Region free dinner I benefit.,"https://picsum.photos/661/463,https://picsum.photos/813/947,https://dummyimage.com/360x963"
87,1,Shannon,Dog,Beagle,2015-09-26,Place political suggest two.,https://picsum.photos/746/720
88,1,Sara,Cat,Sphynx,2016-01-05,Price network including including agent give the sense.,https://picsum.photos/696/967
88,2,Stephanie,Bird,Macaw,2011-01-15,Summer build value sort family fire article wrong.,"https://dummyimage.com/56x983,https://picsum.photos/98/904,https://dummyimage.com/893x381"
90,1,Alyssa,Bird,Parakeet,2020-03-12,Still to goal.,https://picsum.photos/718/41
90,2,Billy,Cat,British Shorthair,2017-08-11,Gun five police hot door evening.,"https://dummyimage.com/68x604,https://placekitten.com/104/863"
90,3,Alexis,Cat,Sphynx,2015-12-17,Respond step involve.,"https://picsum.photos/518/983,https://picsum.photos/571/50"
91,1,Bradley,Cat,Siamese,2014-02-08,Little seem yes something buy might turn.,"https://dummyimage.com/799x654,https://dummyimage.com/544x754"
92,1,Morgan,Rabbit,Mini Rex,2024-06-08,Group hair night game for door.,"https://dummyimage.com/478x683,https://placekitten.com/582/683"
94,1,Linda,Dog,Labrador,2019-01-09,Often red allow everything might.,"https://picsum.photos/823/494,https://picsum.photos/185/41"
94,2,Mary,Cat,Sphynx,2022-10-02,Ball somebody stand truth world camera together.,"https://placekitten.com/264/279,https://dummyimage.com/390x396"
94,3,Jeffrey,Bird,Parakeet,2014-07-22,Song school physical now western.,"https://dummyimage.com/618x449,https://picsum.photos/1005/915,https://picsum.photos/10/556"
94,4,Tammy,Bird,Cockatiel,2019-02-08,Process something which plan.,"https://dummyimage.com/419x208,https://picsum.photos/693/240"
95,1,Michael,Dog,Beagle,2018-11-09,Appear it tonight dog.,"https://dummyimage.com/245x136,https://dummyimage.com/155x476"
97,1,Travis,Bird,Cockatiel,2015-11-03,Water her thousand pull above within.,"https://picsum.photos/1018/1010,https://picsum.photos/817/997,https://dummyimage.com/314x409"
97,2,Michelle,Cat,Siamese,2018-11-14,Ground shake say state catch.,"https://dummyimage.com/187x290,https://placekitten.com/854/941"
100,1,Frederick,Rabbit,Mini Rex,2021-03-08,Ask allow age five executive.,"https://picsum.photos/29/655,https://picsum.photos/3/531"
100,2,Mark,Cat,Siamese,2014-03-17,Ago boy degree talk.,"https://placekitten.com/734/948,https://dummyimage.com/640x156"
100,3,Lauren,Dog,Bulldog,2019-01-10,Mean generation thought several line tree still worker.,"https://picsum.photos/774/949,https://picsum.photos/942/550"
100,4,Daniel,Cat,British Shorthair,2016-03-25,Recent couple hit late south suffer baby.,"https://dummyimage.com/282x556,https://placekitten.com/604/137,https://picsum.photos/204/122"
102,1,Nicole,Cat,Persian,2022-05-23,For two large number occur lot teacher manager.,"https://picsum.photos/657/556,https://placekitten.com/556/1001,https://placekitten.com/530/665"
102,2,Daniel,Cat,British Shorthair,2012-06-06,Finish daughter black scientist crime claim white.,"https://dummyimage.com/634x232,https://dummyimage.com/983x250"
102,3,Jennifer,Cat,Persian,2018-12-23,Fall whose without consumer but nature.,"https://dummyimage.com/426x239,https://dummyimage.com/182x346,https://picsum.photos/705/867"
104,1,Adam,Bird,Macaw,2016-09-10,Foot admit feel something moment fact.,https://dummyimage.com/604x767
105,1,Erin,Bird,Cockatiel,2013-05-25,Eat court race audience.,"https://placekitten.com/101/648,https://dummyimage.com/697x979,https://dummyimage.com/904x776"
105,2,Ruben,Cat,Maine Coon,2011-02-21,Manage wife someone tax main player speech.,"https://picsum.photos/581/814,https://dummyimage.com/580x731,https://picsum.photos/298/878"
108,1,Shawn,Dog,Labrador,2014-12-12,Policy economy explain yes.,"https://placekitten.com/763/60,https://picsum.photos/689/565,https://picsum.photos/841/729"
108,2,Kimberly,Dog,German Shepherd,2021-11-22,Among wait begin instead reach together year.,https://picsum.photos/804/589
108,3,Patrick,Bird,Macaw,2011-02-24,Course they I enter than.,"https://dummyimage.com/956x334,https://dummyimage.com/470x797"
109,1,James,Bird,Cockatiel,2021-01-17,Amount follow consumer collection standard industry billion.,"https://dummyimage.com/744x602,https://placekitten.com/892/95"
109,2,Mark,Bird,Macaw,2021-08-02,Finally pay move pull court among.,"https://picsum.photos/592/911,https://placekitten.com/681/675"
109,3,Tina,Cat,British Shorthair,2019-01-05,Movement before medical else.,https://dummyimage.com/43x885
109,4,Melissa,Rabbit,Holland Lop,2021-06-15,Hundred well future stock list send contain seat.,"https://placekitten.com/702/937,https://placekitten.com/981/876,https://placekitten.com/653/178"
110,1,Ann,Rabbit,Holland Lop,2016-01-10,Us likely likely.,https://picsum.photos/545/840
111,1,Cynthia,Dog,German Shepherd,2022-02-18,Above attention high board rise.,https://dummyimage.com/803x895
112,1,Tamara,Dog,Golden Retriever,2017-12-15,Race face strategy college face.,"https://placekitten.com/636/650,https://placekitten.com/840/608"
113,1,Jennifer,Dog,Golden Retriever,2021-10-18,Us get rich or.,https://placekitten.com/627/361
113,2,April,Cat,Siamese,2015-12-05,Case way smile view support.,"https://dummyimage.com/734x185,https://dummyimage.com/907x409,https://dummyimage.com/765x357"
113,3,Laura,Dog,Beagle,2017-09-12,Member actually head provide letter might manager area.,"https://dummyimage.com/73x658,https://dummyimage.com/622x222,https://picsum.photos/500/45"
113,4,Samantha,Rabbit,Holland Lop,2018-07-05,Rather opportunity remain develop owner.,"https://picsum.photos/509/831,https://dummyimage.com/629x853"
114,1,Joshua,Rabbit,Holland Lop,2010-08-27,Toward be police.,"https://picsum.photos/444/991,https://picsum.photos/625/263"
115,1,Brandy,Rabbit,Holland Lop,2021-10-12,Behind claim particularly save through would realize.,https://dummyimage.com/536x183
115,2,Eric,Bird,Cockatiel,2020-03-20,Way mother second little boy.,https://picsum.photos/523/917
116,1,Brenda,Cat,British Shorthair,2012-08-16,Item store base ball other.,https://placekitten.com/818/878
116,2,Nicole,Bird,Cockatiel,2014-08-03,Yard week before policy main since thus.,"https://dummyimage.com/211x851,https://picsum.photos/33/560,https://dummyimage.com/379x600"
118,1,David,Rabbit,Mini Rex,2010-04-20,Million project there eye.,https://picsum.photos/158/562
119,1,Amber,Bird,Cockatiel,2012-08-02,Approach tell little.,"https://dummyimage.com/957x775,https://placekitten.com/719/1004,https://dummyimage.com/962x101"
119,2,Zachary,Bird,Macaw,2013-05-18,Measure back role town service inside address.,https://picsum.photos/355/1
119,3,Debra,Dog,German Shepherd,2011-12-22,Traditional level capital month argue hit center.,"https://dummyimage.com/366x638,https://dummyimage.com/353x801,https://placekitten.com/942/265"
119,4,Alyssa,Dog,Poodle,2014-11-25,Office performance environment attorney model listen.,https://dummyimage.com/1004x70
121,1,Janet,Cat,Bengal,2013-10-29,Wonder part food hope stuff.,"https://placekitten.com/1009/1024,https://picsum.photos/432/1001,https://placekitten.com/585/115"
121,2,Megan,Bird,Macaw,2016-06-24,Nearly watch they them.,"https://dummyimage.com/269x98,https://dummyimage.com/726x380"
122,1,Benjamin,Rabbit,Mini Rex,2015-06-25,Response teacher customer part.,"https://picsum.photos/172/38,https://placekitten.com/604/707,https://dummyimage.com/165x150"
124,1,Annette,Rabbit,Netherland Dwarf,2017-02-21,Store parent miss capital.,"https://picsum.photos/838/561,https://picsum.photos/750/804"
124,2,Mikayla,Rabbit,Mini Rex,2014-12-07,Performance officer exist civil ask clearly station.,"https://dummyimage.com/67x512,https://picsum.photos/888/28,https://dummyimage.com/765x631"
126,1,Stephen,Dog,Poodle,2010-03-29,Never social or enjoy.,https://placekitten.com/281/17
127,1,Melanie,Bird,Parakeet,2024-07-01,Mind throughout business.,"https://picsum.photos/955/778,https://picsum.photos/11/247"
127,2,Steven,Dog,Bulldog,2018-03-06,Require book behind near.,https://picsum.photos/561/958
127,3,Amanda,Bird,Parakeet,2012-08-30,Where threat story.,"https://placekitten.com/125/743,https://picsum.photos/399/934"
128,1,Rebecca,Dog,Bulldog,2020-01-09,Spring do field back.,https://placekitten.com/421/169
130,1,Brian,Bird,Parakeet,2013-08-18,Only southern speak bar.,"https://dummyimage.com/730x536,https://placekitten.com/730/872,https://dummyimage.com/755x662"
132,1,Mary,Bird,Parakeet,2023-05-28,My this my also no.,"https://dummyimage.com/506x740,https://placekitten.com/868/325,https://placekitten.com/121/437"
132,2,Isabella,Rabbit,Netherland Dwarf,2019-08-06,Form already election.,https://picsum.photos/753/915
133,1,Madison,Cat,Persian,2013-08-30,Strategy art economic soon collection future.,"https://placekitten.com/633/266,https://picsum.photos/220/987"
134,1,Vanessa,Rabbit,Netherland Dwarf,2011-12-14,Fund hit action purpose.,"https://placekitten.com/198/800,https://placekitten.com/468/510"
134,2,Tiffany,Dog,Beagle,2024-09-04,Kitchen there measure over others.,"https://dummyimage.com/497x832,https://picsum.photos/292/698,https://dummyimage.com/971x705"
135,1,Matthew,Cat,Siamese,2011-03-30,Project open usually.,https://placekitten.com/86/218
135,2,Brandon,Rabbit,Holland Lop,2021-03-18,Citizen during pattern listen staff magazine.,https://dummyimage.com/16x304
137,1,Scott,Rabbit,Holland Lop,2013-10-28,Down notice decide six range agent why.,"https://picsum.photos/723/634,https://placekitten.com/398/651,https://placekitten.com/628/691"
138,1,Jessica,Cat,Persian,2009-12-13,Development main certain treat information language necessary.,"https://dummyimage.com/27x303,https://placekitten.com/864/56,https://picsum.photos/41/104"
139,1,Kimberly,Bird,Cockatiel,2017-01-04,Music art manage trade nearly general treatment.,"https://dummyimage.com/823x55,https://placekitten.com/577/941,https://dummyimage.com/609x181"
139,2,Judith,Rabbit,Netherland Dwarf,2018-01-24,Guy phone school although.,https://placekitten.com/785/448
139,3,Kimberly,Rabbit,Holland Lop,2023-02-10,Action player money east.,https://placekitten.com/287/59
139,4,Janet,Rabbit,Holland Lop,2010-05-08,Remain family more.,"https://placekitten.com/964/736,https://picsum.photos/468/958"
140,1,Michael,Dog,Bulldog,2011-05-29,Reflect similar person know so need from my.,"https://placekitten.com/635/705,https://dummyimage.com/154x997,https://picsum.photos/669/553"
140,2,Shane,Cat,Sphynx,2015-09-23,Fly rather spring save nearly who.,https://placekitten.com/1010/910
142,1,Connie,Bird,Parakeet,2022-11-28,Carry data almost response visit truth.,"https://placekitten.com/461/883,https://dummyimage.com/918x200,https://placekitten.com/644/839"
142,2,Robert,Cat,Sphynx,2020-09-06,Phone establish expert although.,https://picsum.photos/638/574
145,1,Randy,Cat,Maine Coon,2020-11-24,Table place office affect allow learn loss.,"https://placekitten.com/816/357,https://placekitten.com/183/86"
147,1,Jodi,Bird,Cockatiel,2011-07-03,Agree among any television after know other.,"https://picsum.photos/329/259,https://dummyimage.com/719x752,https://picsum.photos/1000/275"
147,2,Linda,Rabbit,Netherland Dwarf,2014-06-06,Can expect skin when on say.,"https://dummyimage.com/8x708,https://picsum.photos/503/928,https://picsum.photos/54/375"
148,1,Gregory,Rabbit,Holland Lop,2021-03-21,Story provide southern conference this.,"https://placekitten.com/407/523,https://dummyimage.com/449x678,https://picsum.photos/958/285"
148,2,Denise,Rabbit,Holland Lop,2018-09-13,To involve special source.,"https://dummyimage.com/416x921,https://picsum.photos/572/253,https://placekitten.com/328/282"
149,1,Nicole,Cat,Persian,2024-07-17,Practice adult seven whether military.,"https://picsum.photos/846/667,https://placekitten.com/740/439"
149,2,Nicholas,Rabbit,Holland Lop,2013-04-08,Protect decade Republican state range.,"https://dummyimage.com/332x11,https://dummyimage.com/925x849"
149,3,Jennifer,Bird,Macaw,2018-03-23,Behavior cup send economic news official.,"https://placekitten.com/150/212,https://picsum.photos/451/164,https://dummyimage.com/1023x403"
150,1,Travis,Bird,Macaw,2023-05-27,Impact accept tell table.,"https://picsum.photos/424/89,https://dummyimage.com/177x799,https://dummyimage.com/988x191"
150,2,Alex,Dog,Golden Retriever,2023-08-26,Give police system drug present increase education.,https://placekitten.com/607/837
150,3,Sandra,Bird,Parakeet,2009-11-01,Type capital according with.,"https://placekitten.com/732/471,https://dummyimage.com/495x144,https://dummyimage.com/895x782"
150,4,Joanna,Cat,Maine Coon,2023-11-27,For radio suffer song behind movement suddenly increase.,https://placekitten.com/218/26
